{
  "features_to_include": null,
  "feature_names": [
    "text_length",
    "word_count",
    "files_changed",
    "additions",
    "deletions",
    "total_changes",
    "is_merge",
    "modified_files_count",
    "author_id",
    "risk_level"
  ],
  "numerical_features": [
    "text_length",
    "word_count",
    "files_changed",
    "additions",
    "deletions",
    "total_changes",
    "modified_files_count",
    "author_id"
  ],
  "categorical_features": [
    "is_merge",
    "risk_level"
  ],
  "scaler_mean": [
    299.44703269586677,
    33.381566933991365,
    6.48041949413942,
    166.6659346082665,
    108.6343738433066,
    275.30030845157313,
    6.48041949413942,
    1869.398198642813
  ],
  "scaler_var": [
    521393.10607168253,
    5957.5735183343495,
    432.89894417943225,
    1207189.7653158177,
    1642440.5904381238,
    3931274.6164394966,
    432.89894417943225,
    1264727.778834492
  ],
  "scaler_scale": [
    722.0755542681684,
    77.18531931873022,
    20.806223688584918,
    1098.7218780545957,
    1281.5773837104507,
    1982.7442135685321,
    20.806223688584918,
    1124.6011643398258
  ],
  "is_fitted": true
}