{
  "task_type": {
    "mse": 5.089157796139949,
    "rmse": 2.255916176665248,
    "mae": 1.9232204831616104
  },
  "complexity": {
    "mse": 13.29787151537453,
    "rmse": 3.646624674322068,
    "mae": 2.8357555462838664
  },
  "technical_area": {
    "mse": 8.036916904347759,
    "rmse": 2.8349456616217106,
    "mae": 2.5331073415280563
  },
  "required_skills": {
    "mse": 23.225278333512325,
    "rmse": 4.819261181292452,
    "mae": 3.94527169880017
  },
  "priority": {
    "mse": 22.378382615415028,
    "rmse": 4.730579522153182,
    "mae": 4.158054405782914
  }
}